[
{
  "model": "vng_api_common.jwtsecret",
  "pk": 1,
  "fields": {
      "identifier": "test-vcr",
      "secret": "test-vcr"
  }
},
{
    "model": "authorizations.applicatie",
    "pk": 1,
    "fields": {
        "uuid": "72320633-898b-419c-be94-ce8e7800b021",
        "client_ids": "[\"test-vcr\"]",
        "label": "VCR test",
        "heeft_alle_autorisaties": true
    }
},
{
  "model": "zaken.zaakidentificatie",
  "pk": 1,
  "fields": {
    "identificatie": "ZAAK-00",
    "bronorganisatie": "523791045"
  }
},
{
  "model": "zaken.zaakidentificatie",
  "pk": 2,
  "fields": {
    "identificatie": "ZAAK-01",
    "bronorganisatie": "691547233"
  }
},
{
  "model": "zaken.zaak",
  "pk": 1,
  "fields": {
    "_etag": "2d4d58b023911779d3bb8b084d967b5f",
    "uuid": "27937bcf-9093-4474-9943-bd2688e73f4a",
    "_id": null,
    "_identificatie": "ZAAK-00",
    "_bronorganisatie": "",
    "hoofdzaak": null,
    "omschrijving": "",
    "toelichting": "",
    "_zaaktype": 1,
    "registratiedatum": "2024-07-11",
    "verantwoordelijke_organisatie": "754209635",
    "startdatum": "2024-07-14",
    "einddatum": "2024-08-01",
    "einddatum_gepland": null,
    "uiterlijke_einddatum_afdoening": null,
    "publicatiedatum": null,
    "producten_of_diensten": "[]",
    "communicatiekanaal": "",
    "vertrouwelijkheidaanduiding": "zeer_geheim",
    "betalingsindicatie": "",
    "laatste_betaaldatum": null,
    "zaakgeometrie": null,
    "verlenging_reden": "",
    "verlenging_duur": null,
    "opschorting_indicatie": false,
    "opschorting_reden": "",
    "selectielijstklasse": "https://selectielijst.openzaak.nl/api/v1/resultaten/78e12133-c467-4202-91ba-4417baa52801",
    "archiefnominatie": "vernietigen",
    "archiefstatus": "nog_te_archiveren",
    "archiefactiedatum": "2024-01-01",
    "opdrachtgevende_organisatie": "",
    "processobjectaard": "",
    "startdatum_bewaartermijn": null,
    "processobject_datumkenmerk": "",
    "processobject_identificatie": "",
    "processobject_objecttype": "",
    "processobject_registratie": "",
    "communicatiekanaal_naam": "",
    "created_on": "2024-07-19T13:33:19.146Z"
  }
},
{
  "model": "zaken.zaak",
  "pk": 2,
  "fields": {
    "_etag": "cdd39d4bed0c5f1ce46bea793182f809",
    "uuid": "09213cc2-fb11-4ccc-a57e-a010805fd400",
    "_id": null,
    "_identificatie": "ZAAK-01",
    "_bronorganisatie": "",
    "hoofdzaak": null,
    "omschrijving": "",
    "toelichting": "",
    "_zaaktype": 1,
    "registratiedatum": "2024-07-02",
    "verantwoordelijke_organisatie": "807239616",
    "startdatum": "2024-07-16",
    "einddatum": "2024-08-01",
    "einddatum_gepland": null,
    "uiterlijke_einddatum_afdoening": null,
    "publicatiedatum": null,
    "producten_of_diensten": "[]",
    "communicatiekanaal": "",
    "vertrouwelijkheidaanduiding": "zaakvertrouwelijk",
    "betalingsindicatie": "",
    "laatste_betaaldatum": null,
    "zaakgeometrie": null,
    "verlenging_reden": "",
    "verlenging_duur": null,
    "opschorting_indicatie": false,
    "opschorting_reden": "",
    "selectielijstklasse": "https://selectielijst.openzaak.nl/api/v1/resultaten/78e12133-c467-4202-91ba-4417baa52801",
    "archiefnominatie": "vernietigen",
    "archiefstatus": "nog_te_archiveren",
    "archiefactiedatum": "2024-01-01",
    "opdrachtgevende_organisatie": "",
    "processobjectaard": "",
    "startdatum_bewaartermijn": null,
    "processobject_datumkenmerk": "",
    "processobject_identificatie": "",
    "processobject_objecttype": "",
    "processobject_registratie": "",
    "communicatiekanaal_naam": "",
    "created_on": "2024-07-19T13:33:19.432Z"
  }
},
{
  "model": "zaken.zaakinformatieobject",
  "pk": 1,
  "fields": {
    "_etag": "253456e0340419fe3ccab4dc6454b068",
    "uuid": "30b050ce-dd18-42e8-9b50-04bc120e18c3",
    "zaak": 1,
    "_informatieobject": 1,
    "aard_relatie": "hoort_bij",
    "titel": "",
    "beschrijving": "",
    "registratiedatum": "2024-07-19T13:33:19.659Z",
    "_objectinformatieobject_url": "",
    "vernietigingsdatum": null,
    "status": null
  }
},
{
  "model": "zaken.zaakinformatieobject",
  "pk": 2,
  "fields": {
    "_etag": "fd1f651044a356f85b097d75919ae264",
    "uuid": "04dc1009-e618-4f8a-aecf-bfb7f5e9ca3f",
    "zaak": 1,
    "_informatieobject": 2,
    "aard_relatie": "hoort_bij",
    "titel": "",
    "beschrijving": "",
    "registratiedatum": "2024-07-19T13:33:19.753Z",
    "_objectinformatieobject_url": "",
    "vernietigingsdatum": null,
    "status": null
  }
},
{
  "model": "zaken.zaakinformatieobject",
  "pk": 3,
  "fields": {
    "_etag": "14c86e24c22d5a58eaa6f56b60495362",
    "uuid": "c74fb48f-59c7-4b74-8a9a-b9feffa24e72",
    "zaak": 2,
    "_informatieobject": 2,
    "aard_relatie": "hoort_bij",
    "titel": "",
    "beschrijving": "",
    "registratiedatum": "2024-07-19T13:33:19.839Z",
    "_objectinformatieobject_url": "",
    "vernietigingsdatum": null,
    "status": null
  }
},
{
  "model": "zaken.zaakbesluit",
  "pk": 1,
  "fields": {
    "uuid": "d3ff3f3e-35d4-46d0-a532-980d091c8cd9",
    "zaak": 1,
    "_besluit": 1
  }
},
{
  "model": "zaken.zaakbesluit",
  "pk": 2,
  "fields": {
    "uuid": "71507f83-189f-413d-babb-a8bca087421e",
    "zaak": 1,
    "_besluit": 2
  }
},
{
  "model": "zaken.zaakbesluit",
  "pk": 3,
  "fields": {
    "uuid": "4b3ba676-57f9-47eb-a01b-1feeaea945ba",
    "zaak": 2,
    "_besluit": 3
  }
},
{
  "model": "besluiten.besluit",
  "pk": 1,
  "fields": {
    "_etag": "691350eb857d9dddad6364888a0450bf",
    "uuid": "3470cef6-9270-4d14-9044-db10c40a8576",
    "identificatie": "BESLUIT-00",
    "verantwoordelijke_organisatie": "791036820",
    "_besluittype": 1,
    "_zaak": 1,
    "datum": "2022-09-27",
    "toelichting": "",
    "bestuursorgaan": "",
    "ingangsdatum": "2013-12-22",
    "vervaldatum": null,
    "vervalreden": "",
    "publicatiedatum": null,
    "verzenddatum": null,
    "uiterlijke_reactiedatum": null,
    "_zaakbesluit_url": ""
  }
},
{
  "model": "besluiten.besluit",
  "pk": 2,
  "fields": {
    "_etag": "99a4fe04f5f486305109f33d7978cca5",
    "uuid": "16ee4fd5-8d1c-4689-969e-ac170698cc9c",
    "identificatie": "BESLUIT-01",
    "verantwoordelijke_organisatie": "193685474",
    "_besluittype": 1,
    "_zaak": 1,
    "datum": "2021-05-06",
    "toelichting": "",
    "bestuursorgaan": "",
    "ingangsdatum": "2005-03-10",
    "vervaldatum": null,
    "vervalreden": "",
    "publicatiedatum": null,
    "verzenddatum": null,
    "uiterlijke_reactiedatum": null,
    "_zaakbesluit_url": ""
  }
},
{
  "model": "besluiten.besluit",
  "pk": 3,
  "fields": {
    "_etag": "6662fb445c112f8537c0552f2d4f9985",
    "uuid": "84c6015b-a628-46a9-aba2-1d09e6129f80",
    "identificatie": "BESLUIT-02",
    "verantwoordelijke_organisatie": "534812971",
    "_besluittype": 1,
    "_zaak": 2,
    "datum": "2020-06-10",
    "toelichting": "",
    "bestuursorgaan": "",
    "ingangsdatum": "2008-09-23",
    "vervaldatum": null,
    "vervalreden": "",
    "publicatiedatum": null,
    "verzenddatum": null,
    "uiterlijke_reactiedatum": null,
    "_zaakbesluit_url": ""
  }
},
{
  "model": "besluiten.besluitinformatieobject",
  "pk": 1,
  "fields": {
    "_etag": "1d75c0814e0cc1d71dd0520a80d4221e",
    "uuid": "6e8ddc7e-cce8-44e3-9a37-f10290bf3a17",
    "besluit": 1,
    "_informatieobject": 3,
    "_objectinformatieobject_url": ""
  }
},
{
  "model": "besluiten.besluitinformatieobject",
  "pk": 2,
  "fields": {
    "_etag": "d8cb727769a93f7c29b369d880eff822",
    "uuid": "e7702c67-4bf0-4910-8c3a-126786d35437",
    "besluit": 2,
    "_informatieobject": 4,
    "_objectinformatieobject_url": ""
  }
},
{
  "model": "besluiten.besluitinformatieobject",
  "pk": 3,
  "fields": {
    "_etag": "bc54d9fb9a8c442eaa5cc3a9b3a9ade4",
    "uuid": "1397773e-2f8a-4d66-80bc-6e4f2b57ac55",
    "besluit": 3,
    "_informatieobject": 4,
    "_objectinformatieobject_url": ""
  }
},
{
  "model": "documenten.enkelvoudiginformatieobjectcanonical",
  "pk": 1,
  "fields": {
    "lock": ""
  }
},
{
  "model": "documenten.enkelvoudiginformatieobjectcanonical",
  "pk": 2,
  "fields": {
    "lock": ""
  }
},
{
  "model": "documenten.enkelvoudiginformatieobjectcanonical",
  "pk": 3,
  "fields": {
    "lock": ""
  }
},
{
  "model": "documenten.enkelvoudiginformatieobjectcanonical",
  "pk": 4,
  "fields": {
    "lock": ""
  }
},
{
  "model": "documenten.enkelvoudiginformatieobject",
  "pk": 1,
  "fields": {
    "identificatie": "DOCUMENT-00",
    "bronorganisatie": "428075162",
    "creatiedatum": "2018-06-27",
    "titel": "some titel",
    "vertrouwelijkheidaanduiding": "openbaar",
    "auteur": "some auteur",
    "status": "",
    "beschrijving": "",
    "ontvangstdatum": null,
    "verzenddatum": null,
    "indicatie_gebruiksrecht": null,
    "ondertekening_soort": "",
    "ondertekening_datum": null,
    "_informatieobjecttype": 1,
    "canonical": 1,
    "uuid": "cb8ab173-3b1c-4ea9-8ccb-023c3814e4f4",
    "formaat": "some formaat",
    "taal": "nld",
    "bestandsnaam": "",
    "bestandsomvang": 9,
    "inhoud": "",
    "link": "",
    "integriteit_algoritme": "",
    "integriteit_waarde": "",
    "integriteit_datum": null,
    "versie": 1,
    "begin_registratie": "2024-07-19T13:33:19.526Z",
    "verschijningsvorm": "",
    "trefwoorden": "[]"
  }
},
{
  "model": "documenten.enkelvoudiginformatieobject",
  "pk": 2,
  "fields": {
    "identificatie": "DOCUMENT-01",
    "bronorganisatie": "142709633",
    "creatiedatum": "2018-06-27",
    "titel": "some titel",
    "vertrouwelijkheidaanduiding": "openbaar",
    "auteur": "some auteur",
    "status": "",
    "beschrijving": "",
    "ontvangstdatum": null,
    "verzenddatum": null,
    "indicatie_gebruiksrecht": null,
    "ondertekening_soort": "",
    "ondertekening_datum": null,
    "_informatieobjecttype": 1,
    "canonical": 2,
    "uuid": "69f649d8-27dd-4f6f-b647-f2becf215498",
    "formaat": "some formaat",
    "taal": "nld",
    "bestandsnaam": "",
    "bestandsomvang": 9,
    "inhoud": "",
    "link": "",
    "integriteit_algoritme": "",
    "integriteit_waarde": "",
    "integriteit_datum": null,
    "versie": 1,
    "begin_registratie": "2024-07-19T13:33:19.535Z",
    "verschijningsvorm": "",
    "trefwoorden": "[]"
  }
},
{
  "model": "documenten.enkelvoudiginformatieobject",
  "pk": 3,
  "fields": {
    "identificatie": "DOCUMENT-02",
    "bronorganisatie": "429875319",
    "creatiedatum": "2018-06-27",
    "titel": "some titel",
    "vertrouwelijkheidaanduiding": "openbaar",
    "auteur": "some auteur",
    "status": "",
    "beschrijving": "",
    "ontvangstdatum": null,
    "verzenddatum": null,
    "indicatie_gebruiksrecht": null,
    "ondertekening_soort": "",
    "ondertekening_datum": null,
    "_informatieobjecttype": 1,
    "canonical": 3,
    "uuid": "0d06f623-81aa-403f-86ce-f8c2781c5184",
    "formaat": "some formaat",
    "taal": "nld",
    "bestandsnaam": "",
    "bestandsomvang": 9,
    "inhoud": "",
    "link": "",
    "integriteit_algoritme": "",
    "integriteit_waarde": "",
    "integriteit_datum": null,
    "versie": 1,
    "begin_registratie": "2024-07-19T13:33:19.542Z",
    "verschijningsvorm": "",
    "trefwoorden": "[]"
  }
},
{
  "model": "documenten.enkelvoudiginformatieobject",
  "pk": 4,
  "fields": {
    "identificatie": "DOCUMENT-03",
    "bronorganisatie": "459367109",
    "creatiedatum": "2018-06-27",
    "titel": "some titel",
    "vertrouwelijkheidaanduiding": "openbaar",
    "auteur": "some auteur",
    "status": "",
    "beschrijving": "",
    "ontvangstdatum": null,
    "verzenddatum": null,
    "indicatie_gebruiksrecht": null,
    "ondertekening_soort": "",
    "ondertekening_datum": null,
    "_informatieobjecttype": 1,
    "canonical": 4,
    "uuid": "ba9b9164-fbee-4bf4-bf57-52de0643c030",
    "formaat": "some formaat",
    "taal": "nld",
    "bestandsnaam": "",
    "bestandsomvang": 9,
    "inhoud": "",
    "link": "",
    "integriteit_algoritme": "",
    "integriteit_waarde": "",
    "integriteit_datum": null,
    "versie": 1,
    "begin_registratie": "2024-07-19T13:33:19.550Z",
    "verschijningsvorm": "",
    "trefwoorden": "[]"
  }
},
{
  "model": "documenten.objectinformatieobject",
  "pk": 1,
  "fields": {
    "uuid": "45082b2d-5425-4609-85ee-2ae829119e62",
    "informatieobject": 1,
    "object_type": "zaak",
    "_zaak": 1,
    "_besluit": null,
    "besluit": null
  }
},
{
  "model": "documenten.objectinformatieobject",
  "pk": 2,
  "fields": {
    "uuid": "64452d0f-4f48-49be-9658-c8e88884636a",
    "informatieobject": 2,
    "object_type": "zaak",
    "_zaak": 1,
    "_besluit": null,
    "besluit": null
  }
},
{
  "model": "documenten.objectinformatieobject",
  "pk": 3,
  "fields": {
    "uuid": "40259b35-20da-4a5c-8729-2879eb94fdac",
    "informatieobject": 2,
    "object_type": "zaak",
    "_zaak": 2,
    "_besluit": null,
    "besluit": null
  }
},
{
  "model": "documenten.objectinformatieobject",
  "pk": 4,
  "fields": {
    "uuid": "48ed5d54-5d1c-42f9-bb23-0f21990bf2ff",
    "informatieobject": 3,
    "object_type": "besluit",
    "_zaak": null,
    "_besluit": 1
  }
},
{
  "model": "documenten.objectinformatieobject",
  "pk": 5,
  "fields": {
    "uuid": "b857645f-741a-4671-9607-ea114095168a",
    "informatieobject": 4,
    "object_type": "besluit",
    "_zaak": null,
    "_besluit": 2
  }
},
{
  "model": "documenten.objectinformatieobject",
  "pk": 6,
  "fields": {
    "uuid": "af5788c3-9e24-4150-ae31-74173eedde0c",
    "informatieobject": 4,
    "object_type": "besluit",
    "_zaak": null,
    "_besluit": 3
  }
},
{
  "model": "catalogi.besluittype",
  "pk": 1,
  "fields": {
    "_etag": "8ece0449288920f27a6fde8e4e732610",
    "datum_begin_geldigheid": "2018-01-01",
    "datum_einde_geldigheid": null,
    "concept": false,
    "uuid": "588d7ec5-89e6-4aa0-a654-7475f0d5ac8e",
    "omschrijving": "Besluittype 0",
    "omschrijving_generiek": "",
    "besluitcategorie": "",
    "reactietermijn": "P14D",
    "publicatie_indicatie": false,
    "publicatietekst": "",
    "publicatietermijn": null,
    "toelichting": "",
    "catalogus": 1,
    "informatieobjecttypen": [
      1
    ],
    "zaaktypen": [
      1
    ]
  }
},
{
  "model": "catalogi.catalogus",
  "pk": 1,
  "fields": {
    "_etag": "2b4f1c5d92b4a954d595fde194e352d1",
    "naam": "Archiving test",
    "uuid": "ec77ad39-0954-4aeb-bcf2-6f45263cde77",
    "domein": "VAVAV",
    "rsin": "100000000",
    "contactpersoon_beheer_naam": "Contact persoon beheer 0",
    "contactpersoon_beheer_telefoonnummer": "0612345678",
    "contactpersoon_beheer_emailadres": "contact_0@example.com",
    "versie": "",
    "begindatum_versie": null
  }
},
{
  "model": "catalogi.informatieobjecttype",
  "pk": 1,
  "fields": {
    "_etag": "70b8d72e0053dab98f8b7051ecbdc493",
    "datum_begin_geldigheid": "2018-01-01",
    "datum_einde_geldigheid": null,
    "concept": false,
    "uuid": "a8089bdf-72d3-414f-a9cd-953cfa602b6c",
    "omschrijving": "Informatie object type 0",
    "informatieobjectcategorie": "stock",
    "trefwoord": "[]",
    "vertrouwelijkheidaanduiding": "openbaar",
    "omschrijving_generiek_informatieobjecttype": "bill",
    "omschrijving_generiek_definitie": "Bank sound west control fly Mrs. West their some pressure. Many often various guess first move visit group.",
    "omschrijving_generiek_herkomst": "ZSWuoDPOIaWF",
    "omschrijving_generiek_hierarchie": "until",
    "omschrijving_generiek_opmerking": "",
    "catalogus": 1
  }
},
{
  "model": "catalogi.zaaktypeinformatieobjecttype",
  "pk": 1,
  "fields": {
    "_etag": "a4c91ba75881d58770677aed808474fa",
    "uuid": "7c8ea2ed-6865-4388-877a-194988aeaf44",
    "zaaktype": 1,
    "informatieobjecttype": 1,
    "volgnummer": 1,
    "richting": "inkomend",
    "statustype": null
  }
},
{
  "model": "catalogi.zaaktype",
  "pk": 1,
  "fields": {
    "_etag": "e06d2051a4000b5bf5bbb65826d67cdf",
    "datum_begin_geldigheid": "2018-01-01",
    "datum_einde_geldigheid": null,
    "concept": false,
    "uuid": "be210495-20b6-48ff-8d3d-3e44f74c43a4",
    "identificatie": "ZAAKTYPE-2018-0000000001",
    "zaaktype_omschrijving": "brand world-class initiatives",
    "zaaktype_omschrijving_generiek": "",
    "vertrouwelijkheidaanduiding": "",
    "doel": "Trouble red compare produce animal. Everything today Democrat student enter. By probably adult.",
    "aanleiding": "Couple toward trip old nice memory system instead.",
    "toelichting": "",
    "indicatie_intern_of_extern": "extern",
    "handeling_initiator": "indienen",
    "onderwerp": "Evenementvergunning",
    "handeling_behandelaar": "uitvoeren",
    "doorlooptijd_behandeling": "P30D",
    "servicenorm_behandeling": null,
    "opschorting_en_aanhouding_mogelijk": true,
    "verlenging_mogelijk": false,
    "verlengingstermijn": null,
    "trefwoorden": "[]",
    "publicatie_indicatie": true,
    "publicatietekst": "",
    "verantwoordingsrelatie": "[]",
    "versiedatum": "2018-01-01",
    "verantwoordelijke": "100000000",
    "producten_of_diensten": "[\"https://example.com/product/123\"]",
    "selectielijst_procestype": "https://selectielijst.openzaak.nl/api/v1/procestypen/aa8aa2fd-b9c6-4e34-9a6c-58a677f60ea0",
    "selectielijst_procestype_jaar": 2020,
    "referentieproces_naam": "ReferentieProces 0",
    "referentieproces_link": "",
    "broncatalogus_url": "",
    "broncatalogus_domein": "",
    "broncatalogus_rsin": "",
    "bronzaaktype_url": "",
    "bronzaaktype_identificatie": "",
    "bronzaaktype_omschrijving": "",
    "catalogus": 1,
    "deelzaaktypen": []
  }
},
{
  "model": "catalogi.informatieobjecttype",
  "pk": 2,
  "fields": {
    "datum_begin_geldigheid": "2018-01-01",
    "datum_einde_geldigheid": null,
    "concept": false,
    "uuid": "9dee6712-122e-464a-99a3-c16692de5485",
    "omschrijving": "Destruction report type",
    "informatieobjectcategorie": "stock",
    "trefwoord": "[]",
    "vertrouwelijkheidaanduiding": "openbaar",
    "omschrijving_generiek_informatieobjecttype": "bill",
    "omschrijving_generiek_definitie": "Destruction report type",
    "omschrijving_generiek_herkomst": "ZSWuoDPOIaWF",
    "omschrijving_generiek_hierarchie": "until",
    "omschrijving_generiek_opmerking": "",
    "catalogus": 1
  }
},
{
  "model": "catalogi.zaaktypeinformatieobjecttype",
  "pk": 2,
  "fields": {
    "uuid": "835af306-c038-42f5-8225-008628b6e3f8",
    "zaaktype": 4,
    "informatieobjecttype": 2,
    "volgnummer": 1,
    "richting": "inkomend",
    "statustype": null
  }
},
{
  "model": "catalogi.zaaktype",
  "pk": 2,
  "fields": {
    "datum_begin_geldigheid": "2018-01-01",
    "datum_einde_geldigheid": "2025-03-20",
    "concept": false,
    "uuid": "ecd08880-5081-4d7a-afc3-ade1d6e6346f",
    "identificatie": "ZAAKTYPE-2018-0000000002",
    "zaaktype_omschrijving": "Destruction confirmation type",
    "zaaktype_omschrijving_generiek": "",
    "vertrouwelijkheidaanduiding": "",
    "doel": "To confirm that a destruction list has been correctly processed.",
    "aanleiding": "When a destructio list is processed by Open Archiefbeheer",
    "toelichting": "",
    "indicatie_intern_of_extern": "extern",
    "handeling_initiator": "indienen",
    "onderwerp": "Destruction",
    "handeling_behandelaar": "uitvoeren",
    "doorlooptijd_behandeling": "P30D",
    "servicenorm_behandeling": null,
    "opschorting_en_aanhouding_mogelijk": true,
    "verlenging_mogelijk": false,
    "verlengingstermijn": null,
    "trefwoorden": "[]",
    "publicatie_indicatie": true,
    "publicatietekst": "",
    "verantwoordingsrelatie": "[]",
    "versiedatum": "2018-01-01",
    "verantwoordelijke": "100000000",
    "producten_of_diensten": "[\"https://example.com/product/123\"]",
    "selectielijst_procestype": "https://selectielijst.openzaak.nl/api/v1/procestypen/c844637e-6393-4202-b030-e1bffb08a9b0",
    "selectielijst_procestype_jaar": 2020,
    "referentieproces_naam": "ReferentieProces 0",
    "referentieproces_link": "",
    "broncatalogus_url": "",
    "broncatalogus_domein": "",
    "broncatalogus_rsin": "",
    "bronzaaktype_url": "",
    "bronzaaktype_identificatie": "",
    "bronzaaktype_omschrijving": "",
    "catalogus": 1,
    "deelzaaktypen": []
  }
},
{
  "model": "catalogi.zaaktype",
  "pk": 4,
  "fields": {
    "datum_begin_geldigheid": "2025-03-21",
    "datum_einde_geldigheid": null,
    "concept": false,
    "uuid": "ce9feadd-00cb-46c8-a0ef-1d1dfc78586a",
    "identificatie": "ZAAKTYPE-2018-0000000002",
    "zaaktype_omschrijving": "Destruction confirmation type",
    "zaaktype_omschrijving_generiek": "",
    "vertrouwelijkheidaanduiding": "",
    "doel": "To confirm that a destruction list has been correctly processed.",
    "aanleiding": "When a destructio list is processed by Open Archiefbeheer",
    "toelichting": "",
    "indicatie_intern_of_extern": "extern",
    "handeling_initiator": "indienen",
    "onderwerp": "Destruction",
    "handeling_behandelaar": "uitvoeren",
    "doorlooptijd_behandeling": "P30D",
    "servicenorm_behandeling": null,
    "opschorting_en_aanhouding_mogelijk": true,
    "verlenging_mogelijk": false,
    "verlengingstermijn": null,
    "trefwoorden": "[]",
    "publicatie_indicatie": true,
    "publicatietekst": "",
    "verantwoordingsrelatie": "[]",
    "versiedatum": "2018-01-01",
    "verantwoordelijke": "100000000",
    "producten_of_diensten": "[\"https://example.com/product/123\"]",
    "selectielijst_procestype": "https://selectielijst.openzaak.nl/api/v1/procestypen/c844637e-6393-4202-b030-e1bffb08a9b0",
    "selectielijst_procestype_jaar": 2020,
    "referentieproces_naam": "ReferentieProces 0",
    "referentieproces_link": "",
    "broncatalogus_url": "",
    "broncatalogus_domein": "",
    "broncatalogus_rsin": "",
    "bronzaaktype_url": "",
    "bronzaaktype_identificatie": "",
    "bronzaaktype_omschrijving": "",
    "catalogus": 1,
    "deelzaaktypen": []
  }
},
{
  "model": "catalogi.statustype",
  "pk": 1,
  "fields": {
    "uuid": "835a2a13-f52f-4339-83e5-b7250e5ad016",
    "statustype_omschrijving": "Statustype for destruction report zaak",
    "statustypevolgnummer": 1,
    "zaaktype": 4
  }
},
{
  "model": "catalogi.statustype",
  "pk": 2,
  "fields": {
    "uuid": "9438e56a-5d78-4dc8-9d9a-2404781f818d",
    "statustype_omschrijving": "Statustype Completed",
    "statustypevolgnummer": 1,
    "zaaktype": 1
  }
},
{
  "model": "catalogi.resultaattype",
  "pk": 1,
  "fields": {
    "uuid": "5d39b8ac-437a-475c-9a76-0f6ae1540d0e",
    "omschrijving": "Afgehandeld",
    "resultaattypeomschrijving": "https://selectielijst.openzaak.nl/api/v1/resultaattypeomschrijvingen/7cb315fb-4f7b-4a43-aca1-e4522e4c73b3",
    "selectielijstklasse": "https://selectielijst.openzaak.nl/api/v1/resultaten/1bb001e9-5eab-4f10-8940-8781e11f180f",
    "zaaktype": 4
  }
},
{
  "model": "catalogi.resultaattype",
  "pk": 2,
  "fields": {
    "uuid": "12903100-b7a0-4441-9645-eda7df2ad106",
    "omschrijving": "Verwerkt",
    "resultaattypeomschrijving": "https://selectielijst.openzaak.nl/api/v1/resultaattypeomschrijvingen/f33dbd16-68ae-4820-acb5-5f437bca5edb",
    "selectielijstklasse": "https://selectielijst.openzaak.nl/api/v1/resultaten/cc5ae4e3-a9e6-4386-bcee-46be4986a829",
    "zaaktype": 1
  }
}
]
